method,time_seconds,speedup_vs_gpu
GPU,6.475561167,1.0
CPU_Parallel,3.1123831660000003,2.0805796785369193
CPU_Sequential,7.4433405,0.8699805103635929
